name,calorias,gorduras totais,gorduras saturadas,gorduras trans,colesterol,sódio,carboidratos,fibras,açúcares,proteínas,vitamina A,vitamina C,cálcio,ferro,categoria,rede
WHOPPER,3.056073549200658,2.5562551019549336,2.485836002274646,1.0,0.0,1.001862305063582,1.1443785656001486,2.1756820644181,0.0,3.0427431818966744,0.0,0.0,0.0,0.0,SANDUICHE DE CARNE,blue
WHOPPER DUPLO,3.9641473914621006,3.5789370260967472,3.1114511611271287,1.0,0.0,1.001862305063582,1.1336838570371746,2.76352309662715,0.0,4.478184336742986,0.0,0.0,0.0,0.0,SANDUICHE DE CARNE,blue
WHOPPER FURIOSO,3.5450363873414346,2.86750612234592,2.407634107418086,1.0,0.0,1.003724610127164,1.157746951303866,2.1756820644181,0.0,3.153161732269468,0.0,0.0,0.0,0.0,SANDUICHE DE CARNE,blue
WHOPPER JR.,2.1206663805835193,1.80035976671968,1.0782018948565604,1.0,0.0,2.1751144951202397,1.0855576685037918,2.1756820644181,0.0,2.159394778914329,0.0,0.0,0.0,0.0,SANDUICHE DE CARNE,blue
WHOPPER JR. BARBECUE BACON,2.357555208999548,1.9782174926573868,1.7820189485656033,1.0,0.0,2.614618490125591,1.0989260542075092,2.1756820644181,0.0,2.4906504300327086,0.0,0.0,0.0,0.0,SANDUICHE DE CARNE,blue
HAMBÚRGUER,1.9019997697379547,1.53357317781312,1.3128075794262413,1.0,0.0,1.9926085988892042,1.0828839913630484,1.58784103220905,0.0,1.7177205774231559,0.0,0.0,0.0,0.0,SANDUICHE DE CARNE,blue
CHEESEBURGER DUPLO,2.5731847835833688,2.3339329445328003,2.0948265279918443,1.0,0.0,2.616480795189173,1.0828839913630484,2.1756820644181,0.0,3.097952457083071,0.0,0.0,0.0,0.0,SANDUICHE DE CARNE,blue
CHEESEBURGER BACON,2.151036743200959,1.80035976671968,1.5474132639959224,1.3456401019665782,0.0,2.6351038458249927,1.0828839913630484,1.58784103220905,0.0,2.545859705219105,0.0,0.0,0.0,0.0,SANDUICHE DE CARNE,blue
CHEESEBURGER DUPLO BACON,2.6035551462008084,2.378397376017227,2.0948265279918443,1.0,0.0,2.6723499470966328,1.0828839913630484,2.1756820644181,0.0,3.097952457083071,0.0,0.0,0.0,0.0,SANDUICHE DE CARNE,blue
STACKER DUPLO,2.8586661921873007,2.778577259377067,2.0948265279918443,1.0,0.0,1.001862305063582,1.0882313456445352,2.1756820644181,0.0,2.9323246315238816,0.0,0.0,0.0,0.0,SANDUICHE DE CARNE,blue
STACKER TRIPLO,5.643628444206508,6.513589504068907,5.144700427397698,2.0369203058997343,0.0,1.005586915190746,1.0935786999260222,1.58784103220905,0.0,4.699021437488573,0.0,0.0,0.0,0.0,SANDUICHE DE CARNE,blue
CHEDDAR,1.9748886400198096,1.6669664722664002,1.5474132639959224,1.0,0.0,2.0391662254787537,1.0748629599408177,2.76352309662715,0.0,1.9937669533551388,0.0,0.0,0.0,0.0,SANDUICHE DE CARNE,blue
CHEDDAR DUPLO,2.2451848673150216,2.06714635562624,2.485836002274646,1.3456401019665782,0.0,2.005644734334278,1.0748629599408177,2.1756820644181,0.0,2.1041855037279324,0.0,0.0,0.0,0.0,SANDUICHE DE CARNE,blue
BIG KING,3.447851226965628,3.2232215742213337,2.7204416868443273,1.3456401019665782,0.0,1.001862305063582,1.3957042168300369,2.76352309662715,0.0,2.8771153563374847,0.0,0.0,0.0,0.0,SANDUICHE DE CARNE,blue
MEGA STACKER 2.0,4.3407398879183505,4.245903498363147,3.580662530266491,1.0,0.0,1.003724610127164,1.11496811705197,2.76352309662715,0.0,4.42297506155659,0.0,0.0,0.0,0.0,SANDUICHE DE CARNE,blue
MEGA STACKER 3.0,5.591998827756861,5.624300874380374,4.8318928479714565,1.0,0.0,1.003724610127164,1.1229891484742007,2.76352309662715,0.0,6.355299693080472,0.0,0.0,0.0,0.0,SANDUICHE DE CARNE,blue
MEGA STACKER 4.0,6.843257767595371,7.002698250397601,6.004921270819861,1.0,0.0,1.003724610127164,1.1283365027556875,2.76352309662715,0.0,1.6625113022367592,0.0,0.0,0.0,0.0,SANDUICHE DE CARNE,blue
MEGA STACKER ATÔMICO 2.0,4.595850933904843,4.601618950238561,3.815268214836172,1.0,0.0,1.003724610127164,1.11496811705197,2.76352309662715,0.0,4.754230712674969,0.0,0.0,0.0,0.0,SANDUICHE DE CARNE,blue
MEGA STACKER ATÔMICO 3.0,6.102220919729845,6.3357317781312,5.301104217110818,1.0,0.0,1.003724610127164,1.1229891484742007,2.76352309662715,0.0,2.0489762285415356,0.0,0.0,0.0,0.0,SANDUICHE DE CARNE,blue
MEGA STACKER ATÔMICO 4.0,7.6085909055548475,8.06984460602384,6.7087383245289045,1.0,0.0,1.005586915190746,1.1283365027556875,2.76352309662715,0.0,1.552092751863966,0.0,0.0,0.0,0.0,SANDUICHE DE CARNE,blue
MEGA STACKER RODEIO 2.0,4.875258269985287,4.646083381722987,3.7370663199796117,1.0,0.0,1.003724610127164,1.173789014148327,3.3513641288361997,0.0,4.754230712674969,0.0,0.0,0.0,0.0,SANDUICHE DE CARNE,blue
MEGA STACKER RODEIO 3.0,6.132591282347285,6.024480757740214,4.988296637684577,1.0,0.0,1.005586915190746,1.1818100455705576,3.3513641288361997,0.0,6.134462592334885,0.0,0.0,0.0,0.0,SANDUICHE DE CARNE,blue
MEGA STACKER RODEIO 4.0,7.338294678259635,7.3584137022730145,6.161325060532982,1.0,0.0,1.005586915190746,1.184483722711301,2.76352309662715,0.0,1.552092751863966,0.0,0.0,0.0,0.0,SANDUICHE DE CARNE,blue
CHEESEBURGER,2.029555292731201,1.6669664722664002,1.469211369139362,1.3456401019665782,0.0,2.3520334761605293,1.0828839913630484,1.58784103220905,0.0,2.4354411548463117,0.0,0.0,0.0,0.0,SANDUICHE DE CARNE,blue
CHICKEN JR.,2.557999602274649,2.111610787110667,1.469211369139362,1.0,0.0,2.8455443180097584,1.147052242740892,2.76352309662715,0.0,1.6073020270503626,0.0,0.0,0.0,0.0,SANDUICHE DE FRANGO/PEIXE,blue
CHICKEN SANDWICH,2.849555083402069,2.4228618075016537,1.6256151588524825,1.0,0.0,1.001862305063582,1.141704888459405,2.76352309662715,0.0,2.6010689804055014,0.0,0.0,0.0,0.0,SANDUICHE DE FRANGO/PEIXE,blue
CHICKEN CRISP,2.885999518542996,2.06714635562624,1.6256151588524825,1.0,0.0,1.003724610127164,1.1978521084150184,2.76352309662715,0.0,2.1041855037279324,0.0,0.0,0.0,0.0,SANDUICHE DE FRANGO/PEIXE,blue
CHICKEN DUPLO,3.7363696718313038,3.2232215742213337,2.1730284228484047,1.0,0.0,1.001862305063582,1.1951784312742748,3.93920516104525,0.0,3.263580282642261,0.0,0.0,0.0,0.0,SANDUICHE DE FRANGO/PEIXE,blue
CHICKEN CRISP BARBECUE BACON,3.028740222844962,2.06714635562624,1.6256151588524825,1.0,0.0,1.003724610127164,1.2245888798224533,3.3513641288361997,0.0,2.269813329287122,0.0,0.0,0.0,0.0,SANDUICHE DE FRANGO/PEIXE,blue
BK CHICKEN – 4 UNIDADES,1.5800739259930954,1.4446443148442667,1.2346056845696811,1.0,0.0,1.6518067722536989,1.032084125688922,1.58784103220905,0.0,1.552092751863966,0.0,0.0,0.0,0.0,SANDUICHE DE FRANGO/PEIXE,blue
BK CHICKEN – 6 UNIDADES,1.871629407120515,1.6669664722664002,1.3128075794262413,1.0,0.0,1.977710158380548,1.0481261885333828,1.58784103220905,0.0,1.8281391277959491,0.0,0.0,0.0,0.0,SANDUICHE DE FRANGO/PEIXE,blue
BK CHICKEN – 10 UNIDADES,2.4517033331136107,2.1560752185950935,1.6256151588524825,1.0,0.0,2.6351038458249927,1.0828839913630484,2.76352309662715,0.0,3.097952457083071,0.0,0.0,0.0,0.0,SANDUICHE DE FRANGO/PEIXE,blue
VEGGIE BURGER,2.3028885562881567,1.7114309037508268,1.8602208434221637,1.0,0.0,2.7412552344491665,1.3957042168300369,4.5270461932543,0.0,1.8281391277959491,0.0,0.0,0.0,0.0,VEGGIES,blue
SALADA LEVÍSSIMA,1.349259170100555,1.2667865889065602,1.3128075794262413,1.0,0.0,1.6164229760456408,1.0026736771407436,2.1756820644181,0.0,3.263580282642261,0.0,0.0,0.0,0.0,VEGGIES,blue
REBEL WHOPPER,2.636962545079992,2.0226819241418132,1.8602208434221637,1.6912802039331563,0.0,1.003724610127164,1.1711153370075835,6.8784103220905,0.0,2.2146040541007253,0.0,0.0,0.0,0.0,VEGGIES,blue
MOLHO CAESAR,1.1609629218724296,1.2223221574221332,1.0782018948565604,1.0,0.0,1.528894638057287,1.0026736771407436,1.0,0.0,1.2208371007455865,0.0,0.0,0.0,0.0,VEGGIES,blue
BATATA FRITA PEQUENO,1.2247406833690526,1.13339329445328,1.7820189485656033,2.0369203058997343,0.0,1.005586915190746,3.2779729239134547,1.0,0.0,2.269813329287122,0.0,0.0,0.0,0.0,ACOMPANHAMENTO,blue
BATATA FRITA MEDIO,1.3522962063622987,1.2223221574221332,2.251230317704965,2.7282005098328908,0.0,1.00931152531791,4.569358982892561,1.0,0.0,2.9323246315238816,0.0,0.0,0.0,0.0,ACOMPANHAMENTO,blue
BATATA FRITA GRANDE,1.4312591491676416,1.2667865889065602,2.5640378971312066,3.0738406117994685,0.0,1.011173830381492,5.3687884479748655,1.0,0.0,3.539626658574244,0.0,0.0,0.0,0.0,ACOMPANHAMENTO,blue
BK BALDE DE BATATAS,3.362814211636797,2.778577259377067,1.938422738278724,1.0,0.0,1.001862305063582,1.2459782969484012,8.0540923865086,0.0,1.7729298526095525,0.0,0.0,0.0,0.0,ACOMPANHAMENTO,blue
ONION RINGS PEQUENO,1.2763702998186999,1.2223221574221332,2.3294322125615254,2.382560407866312,0.0,1.007449220254328,4.577380014314792,1.0,0.0,2.8771153563374847,0.0,0.0,0.0,0.0,ACOMPANHAMENTO,blue
ONION RINGS GRANDE,1.394814714026714,1.3112510203909866,2.876845476557448,3.0738406117994685,0.0,1.00931152531791,6.109397015960813,1.0,0.0,4.036510135251813,0.0,0.0,0.0,0.0,ACOMPANHAMENTO,blue
BATATA SUPREMA PEQUENO,1.671185013845414,1.40017988335984,2.5640378971312066,3.0738406117994685,0.0,1.005586915190746,5.136178536730181,1.0,0.0,2.821906081151088,0.0,0.0,0.0,0.0,ACOMPANHAMENTO,blue
BATATA SUPREMA MEDIA,2.1176293443217755,1.6669664722664002,3.580662530266491,1.3456401019665782,0.0,1.011173830381492,7.785792583206983,1.58784103220905,0.0,4.09171941043821,0.0,0.0,0.0,0.0,ACOMPANHAMENTO,blue
BATATA FURIOSA PEQUENO,1.5588146721608878,1.3112510203909866,3.033249266270569,3.0738406117994685,0.0,1.00931152531791,7.785792583206983,1.0,0.0,4.58860288711578,0.0,0.0,0.0,0.0,ACOMPANHAMENTO,blue
BATATA FURIOSA MEDIA,2.07511083665736,1.5780376092975468,5.144700427397698,1.3456401019665782,0.0,1.0167607455722378,13.897818526946605,1.0,0.0,2.0489762285415356,0.0,0.0,0.0,0.0,ACOMPANHAMENTO,blue
MAÇÃ INTEIRA,1.1791851394428934,1.0,1.0,1.0,0.0,1.0,1.0401051571111524,2.76352309662715,0.0,1.0,0.0,0.0,0.0,0.0,ACOMPANHAMENTO,blue
BALDÃO DE DOCE DE LEITE,3.390147537992493,2.111610787110667,2.251230317704965,1.0,0.0,2.104346902704124,1.3395569968744234,1.0,0.0,1.7177205774231559,0.0,0.0,0.0,0.0,SOBREMESA,blue
BALDÃO DE CHOCOLATE,3.256517942475759,2.1560752185950935,2.251230317704965,1.0,0.0,2.057789276114574,1.310146548326245,1.58784103220905,0.0,1.9937669533551388,0.0,0.0,0.0,0.0,SOBREMESA,blue
BALDÃO DE MORANGO,3.0955550206033293,1.8892886296885334,2.0166246331352844,1.0,0.0,1.8622472444384643,1.3154939026077321,1.0,0.0,1.7177205774231559,0.0,0.0,0.0,0.0,SOBREMESA,blue
BALDÃO DE OVOMALTINE,5.391554434481759,3.979116909456587,3.1896530559836895,1.0,0.0,1.9292902267274163,1.5133460110227506,3.3513641288361997,0.0,2.0489762285415356,0.0,0.0,0.0,0.0,SOBREMESA,blue
BALDÃO DE BROWNIE,3.985406645294308,2.60071953343936,2.876845476557448,1.0,0.0,2.1322814786578537,1.3957042168300369,2.1756820644181,0.0,1.9937669533551388,0.0,0.0,0.0,0.0,SOBREMESA,blue
CASQUINHA DE DOCE DE LEITE,1.6165183611340228,1.2223221574221332,1.2346056845696811,1.0,0.0,1.2085781671211837,1.0989260542075092,1.0,0.0,2.2146040541007253,0.0,0.0,0.0,0.0,SOBREMESA,blue
CASQUINHA DE BAUNILHA,1.5102220919729845,1.2223221574221332,1.2346056845696811,1.0,0.0,1.2402373532020774,1.0668419285185873,1.58784103220905,0.0,3.705254484133434,0.0,0.0,0.0,0.0,SOBREMESA,blue
CASQUINHA MISTA,1.5861479985165832,1.2667865889065602,1.2346056845696811,1.0,0.0,1.2346504380113315,1.0855576685037918,1.0,0.0,2.987533906710278,0.0,0.0,0.0,0.0,SOBREMESA,blue
CASQUINHA RECHEADA DE CHOCOLATE,1.747110920389013,1.3557154518754135,1.3128075794262413,1.0,0.0,1.2569980987743157,1.1069470856297396,1.58784103220905,0.0,3.097952457083071,0.0,0.0,0.0,0.0,SOBREMESA,blue
CASQUINHA RECHEADA DE DOCE DE LEITE,1.7349627753420371,1.2667865889065602,1.3128075794262413,1.0,0.0,1.2774834544737175,1.11496811705197,1.58784103220905,0.0,3.705254484133434,0.0,0.0,0.0,0.0,SOBREMESA,blue
CASQUINHA RECHEADA DE OVOMALTINE,2.0265182564694566,1.7114309037508268,1.469211369139362,1.0,0.0,1.2420996582656596,1.1176417941927137,1.58784103220905,0.0,4.3125565111837965,0.0,0.0,0.0,0.0,SOBREMESA,blue
SUNDAE DE CHOCOLATE,2.035629365254689,1.6669664722664002,1.703817053709043,1.0,0.0,1.4078448089244573,1.1176417941927137,2.1756820644181,0.0,5.361532739725332,0.0,0.0,0.0,0.0,SOBREMESA,blue
SUNDAE DE MORANGO,1.877703479644003,1.4446443148442667,1.3910094742828016,1.0,0.0,1.2979688101731195,1.1176417941927137,2.1756820644181,0.0,4.3125565111837965,0.0,0.0,0.0,0.0,SOBREMESA,blue
SUNDAE DE DOCE DE LEITE,1.874666443382259,1.4446443148442667,1.3910094742828016,1.0,0.0,1.3705987076528174,1.1096207627704833,1.58784103220905,0.0,5.361532739725332,0.0,0.0,0.0,0.0,SOBREMESA,blue
SUNDAE ESPECIAL DE OVOMALTINE,2.2239256134828143,1.844824198204107,1.5474132639959224,1.0,0.0,1.3221787759996855,1.1336838570371746,1.58784103220905,0.0,4.478184336742986,0.0,0.0,0.0,0.0,SOBREMESA,blue
BK  MIX DE OVOMALTINE,2.4517033331136107,1.9337530611729603,1.8602208434221637,1.0,0.0,1.3761856228435634,1.1711153370075835,1.58784103220905,0.0,4.975067813420556,0.0,0.0,0.0,0.0,SOBREMESA,blue
BK MIX DE BROWNIE,2.2725181936707175,1.6669664722664002,1.7820189485656033,1.0,0.0,1.459989350704753,1.16844165986684,1.58784103220905,0.0,5.251114189352539,0.0,0.0,0.0,0.0,SOBREMESA,blue
SHAKE DE CHOCOLATE,2.3180737375968765,1.6225020407819735,1.703817053709043,1.0,0.0,1.6946397887160847,1.1871573998520444,1.0,0.0,4.478184336742986,0.0,0.0,0.0,0.0,SOBREMESA,blue
SHAKE DE MORANGO,2.242147831053278,1.4891087463286934,1.5474132639959224,1.0,0.0,1.595937620346239,1.1925047541335314,1.0,0.0,3.7604637593198307,0.0,0.0,0.0,0.0,SHAKE,blue
SHAKE DE BAUNILHA,2.0386664015164326,1.4891087463286934,1.5474132639959224,1.0,0.0,1.579176874774001,1.147052242740892,1.0,0.0,3.815673034506227,0.0,0.0,0.0,0.0,SHAKE,blue
SHAKE DE DOCE DE LEITE,2.393999644140475,1.6225020407819735,1.703817053709043,1.0,0.0,1.7207120596062326,1.2031994626965055,1.0,0.0,5.803206941216505,0.0,0.0,0.0,0.0,SHAKE,blue
SHAKE ESPECIAL CROCANTE,2.2968144837646687,1.5780376092975468,1.6256151588524825,1.0,0.0,1.5661407393289268,1.189831076992788,1.0,0.0,4.533393611929383,0.0,0.0,0.0,0.0,SHAKE,blue
SHAKE ESPECIAL DE BROWNIE,2.9983698602275224,2.111610787110667,2.3294322125615254,1.0,0.0,1.7523712456871265,1.2593466826521187,2.1756820644181,0.0,1.7729298526095525,0.0,0.0,0.0,0.0,SHAKE,blue
BIG MAC,2.6096292187242964,2.20053965007952,1.7820189485656033,1.3456401019665782,1.972139388824131,2.7878128610387165,1.1256628256149441,2.76352309662715,1.3135750496262724,2.3250226044735185,1.2458093523606095,1.075776511666883,2.466035097383933,3.8642150140230034,SANDUICHE DE CARNE,red
QUARTER POUNDER WITH CHEESE,2.579258856106857,2.1560752185950935,1.938422738278724,6.184601529498671,2.0865087286857937,3.048535569940196,1.1096207627704833,2.76352309662715,1.3484167218069691,2.6562782555918982,1.409682253934349,1.075776511666883,2.7592421168607197,3.8642150140230034,SANDUICHE DE CARNE,red
QUARTER POUNDER WITH BACON & CHEESE,2.822221757046373,2.2894685130483734,2.0166246331352844,6.184601529498671,2.200878068547456,3.6817192915580748,1.1283365027556875,2.76352309662715,1.4181000661683631,3.0427431818966744,1.2458093523606095,1.5683238375016217,2.466035097383933,4.437058016827604,SANDUICHE DE CARNE,red
QUARTER POUNDER WITH BACON HABANERO RANCH,2.8525921196638127,2.378397376017227,2.0166246331352844,6.184601529498671,2.200878068547456,3.197519975026756,1.1229891484742007,2.76352309662715,1.3484167218069691,3.0427431818966744,1.3277458031474791,1.757765116668829,2.466035097383933,4.437058016827604,SANDUICHE DE CARNE,red
QUARTER POUNDER DELUXE,2.639999581341736,2.20053965007952,1.8602208434221637,6.184601529498671,1.972139388824131,2.7878128610387165,1.120315471333457,2.76352309662715,1.3135750496262724,2.6010689804055014,1.409682253934349,1.3031060466675317,2.466035097383933,4.437058016827604,SANDUICHE DE CARNE,red
DOUBLE QUARTER POUNDER WITH CHEESE,3.2777771963079667,2.911970553830347,2.485836002274646,9.641002549164453,2.8299094377865996,3.3837504813849555,1.1122944399112267,2.76352309662715,1.3484167218069691,3.650045208947037,1.409682253934349,1.075776511666883,2.7592421168607197,5.0099010196322045,SANDUICHE DE CARNE,red
HAMBURGER,1.7288887028185491,1.3557154518754135,1.2346056845696811,1.0,1.3431080195849874,1.8939064305193583,1.0855576685037918,1.58784103220905,1.2090500330841816,1.6625113022367592,1.0819364507868698,1.075776511666883,1.5864140389535732,2.718529008413802,SANDUICHE DE CARNE,red
DOUBLE CHEESEBURGER,2.305925592549901,1.9337530611729603,1.7820189485656033,1.3456401019665782,2.029324058754962,2.9367972661252764,1.0935786999260222,2.1756820644181,1.2438917052648786,2.3250226044735185,1.409682253934349,1.075776511666883,2.7592421168607197,3.2913720112184026,SANDUICHE DE CARNE,red
BACON CLUBHOUSE BURGER,3.186666108455648,2.778577259377067,2.1730284228484047,6.184601529498671,2.3152474084091184,3.7375884434655346,1.1363575341779182,3.3513641288361997,1.487783410529757,3.153161732269468,1.3277458031474791,1.9472063958360364,2.7592421168607197,3.8642150140230034,SANDUICHE DE CARNE,red
MCDOUBLE,2.1540737794627027,1.7558953352352535,1.6256151588524825,1.3456401019665782,1.8577700489624687,2.564336253408877,1.0909050227852788,2.1756820644181,1.2438917052648786,2.2146040541007253,1.2458093523606095,1.075776511666883,2.1728280779071465,3.2913720112184026,SANDUICHE DE CARNE,red
BACON MCDOUBLE,2.3362959551673406,1.9782174926573868,1.7820189485656033,1.3456401019665782,2.029324058754962,3.067158620576016,1.0935786999260222,2.1756820644181,1.2438917052648786,2.4906504300327086,1.2458093523606095,1.3788825583344146,2.1728280779071465,3.2913720112184026,SANDUICHE DE CARNE,red
DAILY DOUBLE,2.305925592549901,1.9782174926573868,1.703817053709043,1.3456401019665782,1.9149547188932998,2.4153518483223175,1.0909050227852788,2.1756820644181,1.2438917052648786,2.2146040541007253,1.3277458031474791,1.3031060466675317,2.1728280779071465,3.2913720112184026,SANDUICHE DE CARNE,red
JALAPEÃ±O DOUBLE,2.305925592549901,2.0226819241418132,1.703817053709043,1.3456401019665782,1.9149547188932998,2.9181742154894565,1.0935786999260222,2.1756820644181,1.2090500330841816,2.2146040541007253,1.2458093523606095,1.3031060466675317,2.1728280779071465,3.2913720112184026,SANDUICHE DE CARNE,red
MCRIB,2.5185181308719775,2.1560752185950935,1.7820189485656033,1.0,1.8005853790316373,2.8250589623103566,1.1176417941927137,2.76352309662715,1.3832583939876661,2.2146040541007253,1.0819364507868698,1.075776511666883,1.8796210584303599,3.2913720112184026,SANDUICHE DE CARNE,red
PREMIUM CRISPY CHICKEN CLASSIC SANDWICH,2.548888493489417,1.9782174926573868,3.7370663199796117,1.0,1.514662029377481,2.8436820129461764,1.147052242740892,2.76352309662715,1.3484167218069691,2.3250226044735185,1.1638729015737397,1.2273295350006488,1.8796210584303599,3.2913720112184026,SANDUICHE DE FRANGO/PEIXE,red
PREMIUM GRILLED CHICKEN CLASSIC SANDWICH,2.0629626916103843,1.40017988335984,1.1564037897131207,1.0,1.7434007091008061,2.5270901521372373,1.1122944399112267,2.76352309662715,1.2787333774455754,2.545859705219105,1.1638729015737397,1.3031060466675317,1.8796210584303599,3.2913720112184026,SANDUICHE DE FRANGO/PEIXE,red
PREMIUM CRISPY CHICKEN CLUB SANDWICH,3.03481429536845,2.46732623898608,1.703817053709043,1.0,1.972139388824131,3.625850139650615,1.1550732741631227,2.76352309662715,1.3832583939876661,2.987533906710278,1.3277458031474791,1.757765116668829,2.7592421168607197,3.2913720112184026,SANDUICHE DE FRANGO/PEIXE,red
PREMIUM GRILLED CHICKEN CLUB SANDWICH,2.548888493489417,1.8892886296885334,1.5474132639959224,1.0,2.200878068547456,3.3278813294774956,1.1176417941927137,2.76352309662715,1.3135750496262724,3.2083710074558645,1.3277458031474791,1.757765116668829,2.7592421168607197,3.2913720112184026,SANDUICHE DE FRANGO/PEIXE,red
PREMIUM CRISPY CHICKEN RANCH BLT SANDWICH,2.8525921196638127,2.245004081563947,1.469211369139362,1.0,1.8005853790316373,3.607227089014795,1.152399597022379,2.76352309662715,1.3832583939876661,2.7666968059646915,1.1638729015737397,1.757765116668829,1.8796210584303599,3.2913720112184026,SANDUICHE DE FRANGO/PEIXE,red
PREMIUM GRILLED CHICKEN RANCH BLT SANDWICH,2.3666663177847798,1.6669664722664002,4.519085268545215,1.0,2.029324058754962,3.2906352282058555,1.11496811705197,2.76352309662715,1.3135750496262724,2.987533906710278,1.1638729015737397,1.757765116668829,1.8796210584303599,3.2913720112184026,SANDUICHE DE FRANGO/PEIXE,red
BACON CLUBHOUSE CRISPY CHICKEN SANDWICH,3.2777771963079667,2.689648396408214,1.7820189485656033,2.7282005098328908,2.029324058754962,4.203164709361033,1.173789014148327,3.3513641288361997,1.5574667548911507,2.987533906710278,1.3277458031474791,1.9472063958360364,2.7592421168607197,2.718529008413802,SANDUICHE DE FRANGO/PEIXE,red
BACON CLUBHOUSE GRILLED CHICKEN SANDWICH,2.7918513944289334,2.111610787110667,1.6256151588524825,1.0,2.258062738478287,3.9051958991879143,1.1363575341779182,3.3513641288361997,1.487783410529757,3.2083710074558645,1.3277458031474791,2.1366476750032435,2.7592421168607197,2.718529008413802,SANDUICHE DE FRANGO/PEIXE,red
SOUTHERN STYLE CRISPY CHICKEN SANDWICH,2.305925592549901,1.844824198204107,1.2346056845696811,1.0,1.514662029377481,2.6946976078596165,1.11496811705197,2.1756820644181,1.2438917052648786,2.159394778914329,1.1638729015737397,1.075776511666883,1.8796210584303599,2.718529008413802,SANDUICHE DE FRANGO/PEIXE,red
MCCHICKEN,2.093333054227824,1.7114309037508268,1.2346056845696811,1.0,1.4002926895158185,2.4898440508655972,1.1069470856297396,2.1756820644181,1.1742083609034846,1.7729298526095525,1.0,1.075776511666883,1.5864140389535732,2.718529008413802,SANDUICHE DE FRANGO/PEIXE,red
BACON CHEDDAR MCCHICKEN,2.4577774056370982,2.06714635562624,1.5474132639959224,1.0,1.7434007091008061,3.3465043801133154,1.11496811705197,2.1756820644181,1.2090500330841816,2.2146040541007253,1.1638729015737397,1.3788825583344146,2.1728280779071465,2.718529008413802,SANDUICHE DE FRANGO/PEIXE,red
BACON BUFFALO RANCH MCCHICKEN,2.305925592549901,1.9337530611729603,1.3910094742828016,1.0,1.5718466993083124,3.3465043801133154,1.1096207627704833,2.1756820644181,1.2090500330841816,2.1041855037279324,1.0819364507868698,1.3788825583344146,1.8796210584303599,2.718529008413802,SANDUICHE DE FRANGO/PEIXE,red
BUFFALO RANCH MCCHICKEN,2.093333054227824,1.7114309037508268,1.2346056845696811,1.0,1.4002926895158185,2.8436820129461764,1.1069470856297396,2.1756820644181,1.1742083609034846,1.7729298526095525,1.0819364507868698,1.075776511666883,1.8796210584303599,2.718529008413802,SANDUICHE DE FRANGO/PEIXE,red
PREMIUM MCWRAP CHICKEN & BACON (CRISPY CHICKEN),2.913332844898692,2.4228618075016537,1.703817053709043,2.7282005098328908,1.9149547188932998,3.8679497979162742,1.1497259198816356,2.76352309662715,1.2438917052648786,2.7666968059646915,3.458093523606094,1.757765116668829,2.1728280779071465,3.2913720112184026,SANDUICHE DE FRANGO/PEIXE,red
PREMIUM MCWRAP CHICKEN & BACON (GRILLED CHICKEN),2.4577774056370982,1.844824198204107,1.5474132639959224,1.0,2.0865087286857937,3.551357937107335,1.1122944399112267,2.76352309662715,1.2090500330841816,2.987533906710278,3.458093523606094,1.9472063958360364,2.1728280779071465,3.2913720112184026,SANDUICHE DE FRANGO/PEIXE,red
PREMIUM MCWRAP CHICKEN & RANCH (CRISPY CHICKEN),2.8525921196638127,2.378397376017227,1.6256151588524825,2.7282005098328908,1.7434007091008061,3.4954887851998753,1.1497259198816356,2.76352309662715,1.2787333774455754,2.4906504300327086,3.458093523606094,1.5683238375016217,2.1728280779071465,3.2913720112184026,SANDUICHE DE FRANGO/PEIXE,red
PREMIUM MCWRAP CHICKEN & RANCH (GRILLED CHICKEN),2.3666663177847798,1.80035976671968,1.469211369139362,2.7282005098328908,1.9149547188932998,3.1788969243909357,1.1122944399112267,2.76352309662715,1.2090500330841816,2.6562782555918982,3.458093523606094,1.5683238375016217,1.8796210584303599,3.2913720112184026,SANDUICHE DE FRANGO/PEIXE,red
PREMIUM MCWRAP SOUTHWEST CHICKEN (CRISPY CHICKEN),3.03481429536845,2.46732623898608,1.6256151588524825,2.7282005098328908,1.6862160391699748,3.756211494101355,1.1818100455705576,3.93920516104525,1.4181000661683631,2.4906504300327086,3.458093523606094,1.5683238375016217,2.1728280779071465,3.2913720112184026,SANDUICHE DE FRANGO/PEIXE,red
PREMIUM MCWRAP SOUTHWEST CHICKEN (GRILLED CHICKEN),2.579258856106857,1.8892886296885334,1.469211369139362,1.0,1.9149547188932998,3.458242683928235,1.147052242740892,3.93920516104525,1.3484167218069691,2.711487530778295,3.867775777540443,1.5683238375016217,2.1728280779071465,3.2913720112184026,SANDUICHE DE FRANGO/PEIXE,red
PREMIUM MCWRAP CHICKEN SWEET CHILI (CRISPY CHICKEN),2.639999581341736,2.0226819241418132,4.519085268545215,1.0,1.5718466993083124,3.3465043801133154,1.163094305585353,2.76352309662715,1.487783410529757,2.269813329287122,3.458093523606094,1.5683238375016217,1.4691312311628586,3.2913720112184026,SANDUICHE DE FRANGO/PEIXE,red
PREMIUM MCWRAP CHICKEN SWEET CHILI (GRILLED CHICKEN),2.1540737794627027,1.4446443148442667,1.2346056845696811,1.0,1.7434007091008061,3.0299125193043763,1.1256628256149441,2.76352309662715,1.4181000661683631,2.4906504300327086,3.458093523606094,1.5683238375016217,1.4691312311628586,3.2913720112184026,SANDUICHE DE FRANGO/PEIXE,red
CHICKEN MCNUGGETS (4 PIECE),1.5770368897313514,1.53357317781312,1.1564037897131207,1.0,1.2859233496541562,1.6704298228895187,1.032084125688922,1.58784103220905,1.0,1.4968834766775694,1.0,1.075776511666883,1.0,1.2291372011218402,SANDUICHE DE FRANGO/PEIXE,red
CHICKEN MCNUGGETS (6 PIECE),1.8503701532883075,1.80035976671968,1.2346056845696811,1.0,1.45747735944665,2.005644734334278,1.0481261885333828,1.58784103220905,1.0,1.7177205774231559,1.0,1.075776511666883,1.1172828077907146,1.4582744022436804,SANDUICHE DE FRANGO/PEIXE,red
CHICKEN MCNUGGETS (10 PIECE),2.427407043019659,2.3339329445328003,1.3910094742828016,1.0,1.7434007091008061,2.6760745572237967,1.0802103142223047,2.1756820644181,1.0,2.2146040541007253,1.0,1.1515530233337659,1.1172828077907146,1.6874116033655207,SANDUICHE DE FRANGO/PEIXE,red
CHICKEN MCNUGGETS (20 PIECE),3.854814086039318,3.623401457581174,1.7820189485656033,1.0,2.5439860881324434,4.3521491144475934,1.157746951303866,2.76352309662715,1.0,3.4292081082014505,1.0,1.3031060466675317,1.2345656155814293,2.1456860056092015,SANDUICHE DE FRANGO/PEIXE,red
CHICKEN MCNUGGETS (40 PIECE),6.709628172078636,6.246802915162347,2.5640378971312066,1.3456401019665782,4.030787506334056,7.704298228895187,1.3154939026077321,4.5270461932543,1.034841672180697,5.803206941216505,1.0,1.5683238375016217,1.4691312311628586,3.8642150140230034,SANDUICHE DE FRANGO/PEIXE,red
FILET-O-FISH,2.1844441420801424,1.844824198204107,1.3128075794262413,1.0,1.45747735944665,2.098759987513378,1.1042734084889962,2.1756820644181,1.1742083609034846,1.8281391277959491,1.0819364507868698,1.0,1.8796210584303599,2.1456860056092015,SANDUICHE DE FRANGO/PEIXE,red
PREMIUM BACON RANCH SALAD (WITHOUT CHICKEN),1.4251850766441536,1.3112510203909866,3.7370663199796117,1.0,1.2859233496541562,1.558691519074599,1.026736771407435,2.76352309662715,1.1393666887227876,1.4968834766775694,7.964598316883933,2.1366476750032435,1.8796210584303599,1.6874116033655207,ACOMPANHAMENTO,red
PREMIUM BACON RANCH SALAD WITH CRISPY CHICKEN,2.1540737794627027,1.9337530611729603,1.469211369139362,1.0,1.8005853790316373,2.601582354680517,1.0588208970963569,2.1756820644181,1.1742083609034846,2.380231879659915,5.09682253934349,1.9472063958360364,1.8796210584303599,1.916548804487361,ACOMPANHAMENTO,red
PREMIUM BACON RANCH SALAD WITH GRILLED CHICKEN,1.6681479775836703,1.3557154518754135,1.3128075794262413,1.0,1.972139388824131,2.2849904938715775,1.0213894171259479,2.1756820644181,1.1393666887227876,2.6010689804055014,5.506504793277839,2.1366476750032435,1.8796210584303599,1.916548804487361,ACOMPANHAMENTO,red
PREMIUM SOUTHWEST SALAD (WITHOUT CHICKEN),1.4251850766441536,3.0008994167992,1.1564037897131207,1.0,1.1143693398616623,1.2793457595372995,1.0534735428148698,4.5270461932543,1.2090500330841816,1.3312556511183797,7.554916062949584,1.9472063958360364,1.8796210584303599,2.1456860056092015,ACOMPANHAMENTO,red
PREMIUM SOUTHWEST SALAD WITH CRISPY CHICKEN,2.3666663177847798,1.9782174926573868,4.519085268545215,1.0,1.5718466993083124,2.5829593040446968,1.1122944399112267,5.11488722546335,1.4181000661683631,2.269813329287122,7.964598316883933,2.1366476750032435,1.8796210584303599,2.718529008413802,ACOMPANHAMENTO,red
PREMIUM SOUTHWEST SALAD WITH GRILLED CHICKEN,1.8807405159057469,1.3557154518754135,2.9550473714140084,1.0,1.8005853790316373,2.2663674432357577,1.0748629599408177,5.11488722546335,1.3484167218069691,2.4906504300327086,7.964598316883933,2.1366476750032435,1.8796210584303599,2.718529008413802,ACOMPANHAMENTO,red
CHIPOTLE BBQ SNACK WRAP (CRISPY CHICKEN),2.032592328992945,1.6669664722664002,4.519085268545215,1.0,1.3431080195849874,2.452597949593957,1.0989260542075092,1.58784103220905,1.2787333774455754,1.7729298526095525,1.1638729015737397,1.0,1.5864140389535732,2.1456860056092015,ACOMPANHAMENTO,red
CHIPOTLE BBQ SNACK WRAP (GRILLED CHICKEN),1.7896294280534284,1.3557154518754135,3.7370663199796117,1.0,1.45747735944665,2.3036135445073977,1.0802103142223047,1.58784103220905,1.2438917052648786,1.8833484029823457,1.1638729015737397,1.075776511666883,1.5864140389535732,2.1456860056092015,ACOMPANHAMENTO,red
HONEY MUSTARD SNACK WRAP (CRISPY CHICKEN),2.0022219663755054,1.6669664722664002,4.519085268545215,1.0,1.4002926895158185,2.359482696414857,1.0909050227852788,1.58784103220905,1.1045250165420908,1.7729298526095525,1.0819364507868698,1.0,1.5864140389535732,2.1456860056092015,ACOMPANHAMENTO,red
HONEY MUSTARD SNACK WRAP (GRILLED CHICKEN),1.7592590654359888,1.3557154518754135,3.7370663199796117,1.0,1.514662029377481,2.210498291328298,1.0721892828000743,1.58784103220905,1.069683344361394,1.8833484029823457,1.0819364507868698,1.075776511666883,1.5864140389535732,2.1456860056092015,ACOMPANHAMENTO,red
RANCH SNACK WRAP (CRISPY CHICKEN),2.093333054227824,1.8892886296885334,1.3910094742828016,1.0,1.45747735944665,2.508467101501417,1.0855576685037918,1.58784103220905,1.1045250165420908,1.8281391277959491,1.0819364507868698,1.0,1.5864140389535732,2.1456860056092015,ACOMPANHAMENTO,red
RANCH SNACK WRAP (GRILLED CHICKEN),1.8503701532883075,1.5780376092975468,4.519085268545215,1.0,1.514662029377481,2.3408596457790374,1.0668419285185873,1.58784103220905,1.069683344361394,1.8833484029823457,1.0819364507868698,1.075776511666883,1.5864140389535732,2.1456860056092015,ACOMPANHAMENTO,red
SMALL FRENCH FRIES,1.6985183402011097,1.4891087463286934,2.1730284228484047,1.0,1.0,1.2420996582656596,1.0802103142223047,2.1756820644181,1.0,1.1104185503727932,1.0,2.1366476750032435,1.0,1.4582744022436804,ACOMPANHAMENTO,red
MEDIUM FRENCH FRIES,2.032592328992945,1.7114309037508268,2.9550473714140084,1.0,1.0,1.3538379620805794,1.1176417941927137,3.3513641288361997,1.0,1.2208371007455865,1.0,2.7049715125048657,1.1172828077907146,1.4582744022436804,ACOMPANHAMENTO,red
LARGE FRENCH FRIES,2.548888493489417,2.06714635562624,3.7370663199796117,1.0,1.0,1.540068468438779,1.179136368429814,3.93920516104525,1.0,1.3312556511183797,1.0,3.652177908340902,1.1172828077907146,1.916548804487361,ACOMPANHAMENTO,red
KIDS FRENCH FRIES,1.3340739887918351,1.2223221574221332,1.0782018948565604,1.0,1.0,1.1210498291328297,1.0401051571111524,1.58784103220905,1.0,1.0552092751863964,1.0,1.5683238375016217,1.0,1.2291372011218402,ACOMPANHAMENTO,red
SIDE SALAD,1.060740725234879,1.0,1.0,1.0,1.0,1.01862305063582,1.010694708562974,1.58784103220905,1.069683344361394,1.0552092751863964,2.8435701427045705,1.9472063958360364,1.1172828077907146,1.4582744022436804,ACOMPANHAMENTO,red
APPLE SLICES,1.0455555439261592,1.0,1.0,1.0,1.0,1.0,1.010694708562974,1.0,1.1045250165420908,1.0,1.0,7.0621209333506325,1.1172828077907146,1.0,ACOMPANHAMENTO,red
FRUIT 'N YOGURT PARFAIT,1.4555554392615933,1.0889288629688534,1.0782018948565604,1.0,1.0571846699308312,1.1303613544507398,1.0802103142223047,1.58784103220905,1.8013584601560293,1.2208371007455865,1.0819364507868698,1.5683238375016217,1.5864140389535732,1.4582744022436804,ACOMPANHAMENTO,red
BAKED APPLE PIE,1.7592590654359888,1.5780376092975468,1.5474132639959224,1.0,1.0,1.3165918608089395,1.0855576685037918,3.3513641288361997,1.4529417383490602,1.1104185503727932,1.1638729015737397,1.9472063958360364,1.1172828077907146,1.6874116033655207,SOBREMESA,red
CHOCOLATE CHIP COOKIE,1.485925801879033,1.3557154518754135,3.7370663199796117,1.0,1.1143693398616623,1.1676074557223797,1.0561472199556134,1.58784103220905,1.5226250827104537,1.1104185503727932,1.0819364507868698,1.0,1.1172828077907146,1.916548804487361,SOBREMESA,red
OATMEAL RAISIN COOKIE,1.4555554392615933,1.2667865889065602,2.9550473714140084,1.0,1.1143693398616623,1.2514111835835695,1.0588208970963569,1.58784103220905,1.4529417383490602,1.1104185503727932,1.0819364507868698,1.0,1.1172828077907146,1.6874116033655207,SOBREMESA,red
KIDS ICE CREAM CONE,1.136666631778478,1.6669664722664002,1.0782018948565604,1.0,1.0571846699308312,1.03724610127164,1.0187157399852045,1.0,1.2090500330841816,1.0552092751863964,1.0819364507868698,1.0,1.2345656155814293,1.0,SOBREMESA,red
HOT FUDGE SUNDAE,2.0022219663755054,1.40017988335984,1.5474132639959224,1.0,1.2859233496541562,1.3165918608089395,1.141704888459405,1.58784103220905,2.672400264673452,1.4416742014911728,1.3277458031474791,1.0,2.466035097383933,1.916548804487361,SOBREMESA,red
HOT CARAMEL SUNDAE,2.032592328992945,1.3557154518754135,1.3910094742828016,1.0,1.3431080195849874,1.2793457595372995,1.1604206284446095,1.0,2.4981919037699676,1.3864649263047761,1.409682253934349,1.0,2.466035097383933,1.0,SOBREMESA,red
STRAWBERRY SUNDAE,1.8503701532883075,1.2667865889065602,1.3128075794262413,1.0,1.2859233496541562,1.1582959304044698,1.1310101798964312,1.0,2.5678752481313616,1.3312556511183797,1.3277458031474791,1.1515530233337659,2.1728280779071465,1.0,SOBREMESA,red
BLUEBERRY POMEGRANATE SMOOTHIE (SMALL),1.6681479775836703,1.2223221574221332,1.0,1.0,1.0571846699308312,1.07449220254328,1.1336838570371746,2.76352309662715,2.5330335759506646,1.1104185503727932,1.0,1.075776511666883,1.351848423372144,1.2291372011218402,SHAKE,red
BLUEBERRY POMEGRANATE SMOOTHIE (MEDIUM),1.7896294280534284,1.0444644314844267,1.0,1.0,1.0571846699308312,1.0931152531791,1.1657679827260965,3.3513641288361997,2.8814502977576337,1.1656278255591896,1.0,1.1515530233337659,1.4691312311628586,1.2291372011218402,SHAKE,red
BLUEBERRY POMEGRANATE SMOOTHIE (LARGE),2.032592328992945,1.0444644314844267,1.3910094742828016,1.0,1.0571846699308312,1.1210498291328297,1.211220494118736,3.93920516104525,3.438917052648785,1.2208371007455865,1.0,1.1515530233337659,1.5864140389535732,1.2291372011218402,SHAKE,red
STRAWBERRY BANANA SMOOTHIE (SMALL),1.6377776149662306,1.2223221574221332,1.0,1.0,1.0571846699308312,1.0931152531791,1.1256628256149441,2.76352309662715,2.5330335759506646,1.1656278255591896,1.0,2.1366476750032435,1.4691312311628586,1.2291372011218402,SHAKE,red
STRAWBERRY BANANA SMOOTHIE (MEDIUM),1.7592590654359888,1.0444644314844267,1.0,1.0,1.0571846699308312,1.1117383038149198,1.1550732741631227,2.76352309662715,2.8814502977576337,1.2208371007455865,1.0,2.3260889541704506,1.4691312311628586,1.4582744022436804,SHAKE,red
STRAWBERRY BANANA SMOOTHIE (LARGE),2.0022219663755054,1.0444644314844267,1.3910094742828016,1.0,1.0571846699308312,1.1489844050865599,1.1978521084150184,3.3513641288361997,3.438917052648785,1.276046375931983,1.0,2.7049715125048657,1.5864140389535732,1.4582744022436804,SHAKE,red
MANGO PINEAPPLE SMOOTHIE (SMALL),1.6377776149662306,1.2223221574221332,1.0,1.0,1.0571846699308312,1.07449220254328,1.1336838570371746,1.58784103220905,2.6027169203120586,1.1104185503727932,2.2290467618030467,1.757765116668829,1.4691312311628586,1.2291372011218402,SHAKE,red
MANGO PINEAPPLE SMOOTHIE (MEDIUM),1.7896294280534284,1.0444644314844267,1.0,1.0,1.0571846699308312,1.0838037278611898,1.163094305585353,1.58784103220905,2.9511336421190277,1.1656278255591896,2.638729015737396,1.9472063958360364,1.4691312311628586,1.2291372011218402,SHAKE,red
MANGO PINEAPPLE SMOOTHIE (LARGE),2.032592328992945,1.0444644314844267,1.3910094742828016,1.0,1.0571846699308312,1.1117383038149198,1.2085468169779925,2.1756820644181,3.5086003970101785,1.2208371007455865,3.0484112696717447,2.1366476750032435,1.5864140389535732,1.2291372011218402,SHAKE,red
VANILLA SHAKE (SMALL),2.6096292187242964,1.6669664722664002,1.7820189485656033,1.3456401019665782,1.6862160391699748,1.2979688101731195,1.2299362341039404,1.0,3.195025347383906,1.6073020270503626,1.819364507868698,1.0,3.345656155814293,1.0,SHAKE,red
VANILLA SHAKE (MEDIUM),3.0044439327510104,1.844824198204107,1.938422738278724,1.3456401019665782,1.8577700489624687,1.3724610127163994,1.2914308083410406,1.0,3.822175446636451,1.7729298526095525,2.0242056348358726,1.0,3.9320701947678662,1.0,SHAKE,red
VANILLA SHAKE (LARGE),3.4903697346300433,2.0226819241418132,2.1730284228484047,1.3456401019665782,2.029324058754962,1.4841993165313192,1.3609464140003715,1.0,4.519008890250389,1.9937669533551388,2.2290467618030467,1.0,4.5184842337214395,1.0,SHAKE,red
STRAWBERRY SHAKE (SMALL),2.6703699439591753,1.7114309037508268,1.7820189485656033,1.3456401019665782,1.6862160391699748,1.2979688101731195,1.2406309426669142,1.0,3.752492102275057,1.6625113022367592,1.819364507868698,1.0,3.345656155814293,1.0,SHAKE,red
STRAWBERRY SHAKE (MEDIUM),3.0955550206033293,1.8892886296885334,2.0166246331352844,1.3456401019665782,1.8577700489624687,1.3910840633522192,1.304799194044758,1.0,4.484167218069692,1.8281391277959491,2.0242056348358726,1.0,3.9320701947678662,1.0,SHAKE,red
STRAWBERRY SHAKE (LARGE),3.581480822482362,2.06714635562624,2.1730284228484047,1.3456401019665782,2.029324058754962,1.4841993165313192,1.3743147997040888,1.0,5.285525678225722,1.9937669533551388,2.2290467618030467,1.0,5.104898272675013,1.0,SHAKE,red
CHOCOLATE SHAKE (SMALL),2.700740306576615,1.7114309037508268,1.7820189485656033,1.3456401019665782,1.6862160391699748,1.4469532152596791,1.2433046198076578,1.58784103220905,3.682808757913663,1.6625113022367592,1.819364507868698,1.0,3.345656155814293,1.916548804487361,SHAKE,red
CHOCOLATE SHAKE (MEDIUM),3.1259253832207685,1.8892886296885334,1.938422738278724,1.3456401019665782,1.8577700489624687,1.558691519074599,1.304799194044758,2.1756820644181,4.379642201527601,1.8281391277959491,2.0242056348358726,1.0,3.9320701947678662,2.1456860056092015,SHAKE,red
CHOCOLATE SHAKE (LARGE),3.581480822482362,2.0226819241418132,2.1730284228484047,1.3456401019665782,1.972139388824131,1.7076759241611588,1.3769884768448324,2.1756820644181,5.181000661683631,2.0489762285415356,2.2290467618030467,1.0,4.5184842337214395,2.718529008413802,SHAKE,red
SHAMROCK SHAKE (MEDIUM),3.0044439327510104,1.844824198204107,1.938422738278724,1.3456401019665782,1.8577700489624687,1.3910840633522192,1.2914308083410406,1.0,4.240275512804814,1.7729298526095525,2.0242056348358726,1.0,3.9320701947678662,1.0,SHAKE,red
SHAMROCK SHAKE (LARGE),3.4903697346300433,2.0226819241418132,2.1730284228484047,1.3456401019665782,2.029324058754962,1.4841993165313192,1.3609464140003715,1.0,5.0067923007801465,1.9937669533551388,2.2290467618030467,1.0,4.5184842337214395,1.0,SHAKE,red
MCFLURRY WITH M&M CANDIES (SMALL),2.974073570133571,2.0226819241418132,2.0948265279918443,2.7282005098328908,1.5718466993083124,1.3352149114447593,1.2566730055113753,1.58784103220905,4.100908824082026,1.7177205774231559,1.6145233809015234,1.0,3.6388631752910796,1.916548804487361,SHAKE,red
MCFLURRY WITH M&MS CANDIES (MEDIUM),3.8244437234218784,2.46732623898608,2.5640378971312066,1.3456401019665782,1.8577700489624687,1.4841993165313192,1.3716411225633454,2.1756820644181,5.459734039129206,2.1041855037279324,2.0242056348358726,1.0,5.104898272675013,2.1456860056092015,SHAKE,red
MCFLURRY WITH M&MS CANDIES (SNACK),2.305925592549901,1.6669664722664002,1.7820189485656033,1.0,1.4002926895158185,1.2234766076298396,1.1711153370075835,1.58784103220905,3.0556586586611187,1.4968834766775694,1.409682253934349,1.0,2.7592421168607197,1.4582744022436804,SHAKE,red
MCFLURRY WITH OREO COOKIES (SMALL),2.548888493489417,1.7558953352352535,1.703817053709043,2.7282005098328908,1.514662029377481,1.521445417802959,1.2138941712594793,1.58784103220905,3.229867019564603,1.6625113022367592,1.6145233809015234,1.0,3.345656155814293,1.916548804487361,SHAKE,red
MCFLURRY WITH OREO COOKIES (MEDIUM),3.0955550206033293,2.0226819241418132,1.938422738278724,1.3456401019665782,1.6290313692391436,1.7076759241611588,1.2834097769188102,1.58784103220905,3.961542135359238,1.8281391277959491,1.819364507868698,1.0,3.9320701947678662,2.1456860056092015,SHAKE,red
MCFLURRY WITH OREO COOKIES (SNACK),2.032592328992945,1.4891087463286934,1.469211369139362,1.0,1.3431080195849874,1.3538379620805794,1.141704888459405,1.58784103220905,2.4981919037699676,1.4416742014911728,1.409682253934349,1.0,2.466035097383933,1.6874116033655207,SHAKE,red
MCFLURRY WITH REESE'S PEANUT BUTTER CUPS (MEDIUM),3.4599993720126037,2.4228618075016537,2.1730284228484047,1.3456401019665782,1.6862160391699748,1.7449220254327986,1.304799194044758,2.1756820644181,4.588692234611782,2.159394778914329,1.819364507868698,1.0,4.5184842337214395,1.6874116033655207,SHAKE,red
MCFLURRY WITH REESE'S PEANUT BUTTER CUPS (SNACK),2.2451848673150216,1.7114309037508268,1.6256151588524825,1.0,1.3431080195849874,1.3724610127163994,1.152399597022379,1.58784103220905,2.776925281215543,1.552092751863966,1.409682253934349,1.0,2.7592421168607197,1.4582744022436804,SHAKE,red
